SH178,Daisy,78,2025-08-15
SH179,Sunflower,96,2025-08-15
SH180,Tulip,52,2025-08-15
SH181,Daisy,64,2025-08-15
SH182,Tulip,136,2025-08-15
SH183,Tulip,117,2025-08-15
SH184,Daisy,83,2025-08-15
SH185,Daisy,93,2025-08-15
SH186,Sunflower,161,2025-08-15
SH187,Sunflower,93,2025-08-15
SH188,Daisy,161,2025-08-15
SH189,Rose,117,2025-08-15
SH190,Rose,144,2025-08-15
SH191,Tulip,200,2025-08-15
SH192,Sunflower,93,2025-08-15
SH193,Daisy,162,2025-08-15
SH194,Tulip,92,2025-08-15
SH195,Orchid,128,2025-08-15
SH196,Tulip,55,2025-08-15
SH197,Rose,92,2025-08-15
SH198,Rose,70,2025-08-15
SH199,Sunflower,181,2025-08-15
SH200,Tulip,162,2025-08-15
SH201,Daisy,163,2025-08-15
SH202,Daisy,105,2025-08-15
SH203,Sunflower,65,2025-08-15
SH204,Rose,192,2025-08-15
SH205,Sunflower,99,2025-08-15
SH206,Orchid,91,2025-08-15
SH207,Tulip,91,2025-08-15
SH208,Orchid,92,2025-08-15
SH209,Orchid,168,2025-08-15
SH210,Tulip,164,2025-08-15
SH211,Rose,83,2025-08-15
SH212,Daisy,63,2025-08-15
SH213,Rose,173,2025-08-15
SH214,Sunflower,78,2025-08-15
SH215,Orchid,184,2025-08-15
SH216,Sunflower,155,2025-08-15
SH217,Daisy,112,2025-08-15
SH218,Sunflower,168,2025-08-15
SH219,Daisy,122,2025-08-15
SH220,Daisy,61,2025-08-15
SH221,Orchid,55,2025-08-15
SH222,Sunflower,115,2025-08-15
SH223,Daisy,97,2025-08-15
SH224,Daisy,70,2025-08-15
SH225,Tulip,118,2025-08-15
SH226,Sunflower,101,2025-08-15
SH227,Orchid,115,2025-08-15
SH228,Sunflower,64,2025-08-15
SH229,Rose,177,2025-08-15
SH230,Daisy,76,2025-08-15
SH231,Tulip,63,2025-08-15
SH232,Orchid,87,2025-08-15
SH233,Sunflower,158,2025-08-15
SH234,Rose,190,2025-08-15
SH235,Orchid,167,2025-08-15
SH236,Tulip,66,2025-08-15
SH237,Tulip,117,2025-08-15
SH238,Orchid,125,2025-08-15
SH239,Sunflower,87,2025-08-15
SH240,Rose,135,2025-08-15
SH241,Orchid,153,2025-08-15
SH242,Orchid,57,2025-08-15
SH243,Rose,78,2025-08-15
SH244,Rose,99,2025-08-15
SH245,Daisy,71,2025-08-15
SH246,Tulip,51,2025-08-15
SH247,Daisy,174,2025-08-15
SH248,Tulip,73,2025-08-15
SH249,Orchid,155,2025-08-15
SH250,Sunflower,64,2025-08-15
SH251,Orchid,177,2025-08-15
SH252,Rose,60,2025-08-15
SH253,Sunflower,93,2025-08-15
SH254,Sunflower,149,2025-08-15
SH255,Tulip,89,2025-08-15
SH256,Rose,163,2025-08-15
SH257,Tulip,71,2025-08-15
SH258,Sunflower,158,2025-08-15
SH259,Orchid,90,2025-08-15
SH260,Rose,66,2025-08-15
SH261,Orchid,112,2025-08-15
SH262,Sunflower,126,2025-08-15
SH263,Daisy,184,2025-08-15
SH264,Tulip,75,2025-08-15
SH265,Sunflower,113,2025-08-15
SH266,Tulip,168,2025-08-15
SH267,Rose,136,2025-08-15
SH268,Orchid,53,2025-08-15
SH269,Orchid,171,2025-08-15
SH270,Sunflower,157,2025-08-15
SH271,Rose,94,2025-08-15
SH272,Daisy,83,2025-08-15
SH273,Rose,87,2025-08-15
SH274,Rose,169,2025-08-15
SH275,Orchid,64,2025-08-15
SH276,Tulip,52,2025-08-15
SH277,Daisy,152,2025-08-15
SH278,Orchid,165,2025-08-15
SH279,Daisy,155,2025-08-15
SH280,Daisy,96,2025-08-15
SH281,Daisy,162,2025-08-15
SH282,Rose,71,2025-08-15
SH283,Rose,84,2025-08-15
SH284,Orchid,91,2025-08-15
SH285,Rose,89,2025-08-15
SH286,Tulip,105,2025-08-15
SH287,Sunflower,59,2025-08-15
SH288,Daisy,174,2025-08-15
SH289,Sunflower,108,2025-08-15
SH290,Rose,149,2025-08-15
SH291,Daisy,85,2025-08-15
SH292,Sunflower,158,2025-08-15
SH293,Rose,91,2025-08-15
SH294,Rose,142,2025-08-15
SH295,Tulip,92,2025-08-15
SH296,Tulip,158,2025-08-15
SH297,Orchid,157,2025-08-15
SH298,Orchid,138,2025-08-15
SH299,Daisy,122,2025-08-15
SH300,Rose,96,2025-08-15
SH301,Daisy,197,2025-08-15
SH302,Daisy,132,2025-08-15
SH303,Sunflower,167,2025-08-15
SH304,Tulip,68,2025-08-15
SH305,Rose,179,2025-08-15
SH306,Tulip,124,2025-08-15
SH307,Orchid,126,2025-08-15
SH308,Sunflower,82,2025-08-15
SH309,Tulip,164,2025-08-15
SH310,Daisy,87,2025-08-15
SH311,Rose,155,2025-08-15
SH312,Orchid,161,2025-08-15
SH313,Tulip,130,2025-08-15
SH314,Sunflower,136,2025-08-15
SH315,Rose,188,2025-08-15
SH316,Rose,179,2025-08-15
SH317,Sunflower,106,2025-08-15
SH318,Sunflower,66,2025-08-15
SH319,Tulip,91,2025-08-15
SH320,Tulip,191,2025-08-15
SH321,Orchid,189,2025-08-15
SH322,Sunflower,78,2025-08-15
SH323,Daisy,161,2025-08-15
SH324,Rose,57,2025-08-15
SH325,Rose,100,2025-08-15
SH326,Rose,54,2025-08-15
SH327,Rose,162,2025-08-15
SH328,Rose,197,2025-08-15
SH329,Daisy,103,2025-08-15
SH330,Orchid,97,2025-08-15
SH331,Rose,63,2025-08-15
SH332,Orchid,165,2025-08-15
SH333,Rose,158,2025-08-15
SH334,Tulip,129,2025-08-15
SH335,Daisy,145,2025-08-15
SH336,Tulip,53,2025-08-15
SH337,Orchid,193,2025-08-15
SH338,Daisy,74,2025-08-15
SH339,Tulip,187,2025-08-15
SH340,Orchid,171,2025-08-15
SH341,Sunflower,186,2025-08-15
SH342,Daisy,195,2025-08-15
SH343,Sunflower,121,2025-08-15
SH344,Daisy,126,2025-08-15
SH345,Daisy,144,2025-08-15
SH346,Rose,121,2025-08-15
SH347,Orchid,83,2025-08-15
SH348,Tulip,162,2025-08-15
SH349,Sunflower,155,2025-08-15
SH350,Daisy,57,2025-08-15
SH351,Sunflower,186,2025-08-15
SH352,Daisy,116,2025-08-15
SH353,Daisy,133,2025-08-15
SH354,Tulip,139,2025-08-15
SH355,Daisy,116,2025-08-15
SH356,Orchid,136,2025-08-15
SH357,Sunflower,147,2025-08-15
SH358,Orchid,167,2025-08-15
SH359,Rose,144,2025-08-15
SH360,Tulip,75,2025-08-15
SH361,Tulip,113,2025-08-15
SH362,Sunflower,174,2025-08-15
SH363,Daisy,186,2025-08-15
SH364,Tulip,116,2025-08-15
SH365,Sunflower,143,2025-08-15
SH366,Sunflower,62,2025-08-15
SH367,Orchid,76,2025-08-15
SH368,Rose,70,2025-08-15
SH369,Tulip,52,2025-08-15
SH370,Daisy,88,2025-08-15
SH371,Rose,151,2025-08-15
SH372,Orchid,194,2025-08-15
SH373,Daisy,120,2025-08-15
SH374,Rose,198,2025-08-15
SH375,Orchid,156,2025-08-15
SH376,Rose,147,2025-08-15
SH377,Daisy,52,2025-08-15
SH378,Tulip,94,2025-08-15
SH379,Sunflower,189,2025-08-15
SH380,Daisy,164,2025-08-15
SH381,Tulip,99,2025-08-15
SH382,Orchid,88,2025-08-15
SH383,Orchid,97,2025-08-15
SH384,Sunflower,146,2025-08-15
SH385,Sunflower,112,2025-08-15
SH386,Daisy,173,2025-08-15
SH387,Sunflower,79,2025-08-15
SH388,Tulip,108,2025-08-15
SH389,Sunflower,70,2025-08-15
SH390,Daisy,171,2025-08-15
SH391,Rose,92,2025-08-15
SH392,Orchid,53,2025-08-15
SH393,Tulip,157,2025-08-15
SH394,Daisy,67,2025-08-15
SH395,Orchid,200,2025-08-15
SH396,Orchid,107,2025-08-15
SH397,Tulip,125,2025-08-15
SH398,Daisy,88,2025-08-15
SH399,Tulip,129,2025-08-15
SH400,Sunflower,88,2025-08-15
SH401,Orchid,75,2025-08-15
SH402,Daisy,185,2025-08-15
SH403,Orchid,120,2025-08-15
SH404,Sunflower,146,2025-08-15
SH405,Orchid,187,2025-08-15
SH406,Tulip,174,2025-08-15
SH407,Daisy,86,2025-08-15
SH408,Orchid,134,2025-08-15
SH409,Sunflower,182,2025-08-15
SH410,Daisy,130,2025-08-15
SH411,Daisy,77,2025-08-15
SH412,Rose,190,2025-08-15
SH413,Rose,165,2025-08-15
SH414,Rose,99,2025-08-15
SH415,Orchid,121,2025-08-15
SH416,Tulip,143,2025-08-15
SH417,Daisy,107,2025-08-15
SH418,Tulip,200,2025-08-15
SH419,Sunflower,106,2025-08-15
SH420,Daisy,172,2025-08-15
SH421,Orchid,195,2025-08-15
SH422,Sunflower,88,2025-08-15
SH423,Orchid,97,2025-08-15
SH424,Rose,147,2025-08-15
SH425,Tulip,183,2025-08-15
SH426,Sunflower,121,2025-08-15
SH427,Rose,148,2025-08-15
SH428,Daisy,197,2025-08-15
SH429,Sunflower,58,2025-08-15
SH430,Daisy,164,2025-08-15
SH431,Rose,187,2025-08-15
SH432,Rose,129,2025-08-15
SH433,Rose,54,2025-08-15
SH434,Tulip,110,2025-08-15
SH435,Orchid,102,2025-08-15
SH436,Rose,174,2025-08-15
SH437,Orchid,150,2025-08-15
SH438,Rose,195,2025-08-15
SH439,Daisy,114,2025-08-15
SH440,Daisy,117,2025-08-15
SH441,Daisy,167,2025-08-15
SH442,Orchid,58,2025-08-15
SH443,Daisy,77,2025-08-15
SH444,Rose,174,2025-08-15
SH445,Daisy,68,2025-08-15
SH446,Rose,182,2025-08-15
SH447,Tulip,120,2025-08-15
SH448,Sunflower,159,2025-08-15
SH449,Sunflower,99,2025-08-15
SH450,Rose,59,2025-08-15
SH451,Tulip,124,2025-08-15
SH452,Tulip,91,2025-08-15
SH453,Tulip,134,2025-08-15
SH454,Orchid,155,2025-08-15
SH455,Tulip,50,2025-08-15
SH456,Rose,198,2025-08-15
SH457,Daisy,127,2025-08-15
SH458,Tulip,138,2025-08-15
SH459,Orchid,151,2025-08-15
SH460,Orchid,81,2025-08-15
SH461,Sunflower,119,2025-08-15
SH462,Rose,156,2025-08-15
SH463,Daisy,192,2025-08-15
SH464,Daisy,115,2025-08-15
SH465,Tulip,85,2025-08-15
SH466,Sunflower,88,2025-08-15
SH467,Orchid,52,2025-08-15
SH468,Sunflower,167,2025-08-15
SH469,Sunflower,59,2025-08-15
SH470,Rose,159,2025-08-15
SH471,Tulip,62,2025-08-15
SH472,Tulip,58,2025-08-15
SH473,Tulip,132,2025-08-15
SH474,Daisy,125,2025-08-15
SH475,Rose,57,2025-08-15
SH476,Daisy,158,2025-08-15
SH477,Sunflower,117,2025-08-15
SH478,Orchid,194,2025-08-15
SH479,Tulip,139,2025-08-15
SH480,Rose,145,2025-08-15
SH481,Tulip,173,2025-08-15
SH482,Sunflower,154,2025-08-15
SH483,Sunflower,153,2025-08-15
SH484,Tulip,75,2025-08-15
SH485,Tulip,183,2025-08-15
SH486,Rose,50,2025-08-15
SH487,Daisy,154,2025-08-15
SH488,Rose,147,2025-08-15
SH489,Orchid,169,2025-08-15
SH490,Daisy,146,2025-08-15
SH491,Sunflower,79,2025-08-15
SH492,Rose,145,2025-08-15
SH493,Orchid,142,2025-08-15
SH494,Orchid,113,2025-08-15
SH495,Daisy,148,2025-08-15
SH496,Rose,114,2025-08-15
SH497,Orchid,59,2025-08-15
SH498,Orchid,104,2025-08-15
SH499,Orchid,192,2025-08-15
SH500,Sunflower,183,2025-08-15
SH501,Tulip,172,2025-08-15
SH502,Sunflower,195,2025-08-15
SH503,Daisy,188,2025-08-15
SH504,Daisy,88,2025-08-15
SH505,Sunflower,126,2025-08-15
SH506,Tulip,99,2025-08-15
SH507,Orchid,67,2025-08-15
SH508,Rose,190,2025-08-15
SH509,Sunflower,56,2025-08-15
SH510,Orchid,86,2025-08-15
SH511,Rose,187,2025-08-15
SH512,Tulip,83,2025-08-15
SH513,Sunflower,112,2025-08-15
SH514,Sunflower,101,2025-08-15
SH515,Rose,169,2025-08-15
SH516,Sunflower,164,2025-08-15
SH517,Sunflower,175,2025-08-15
SH518,Rose,71,2025-08-15
SH519,Sunflower,106,2025-08-15
SH520,Rose,190,2025-08-15
SH521,Daisy,110,2025-08-15
SH522,Orchid,84,2025-08-15
SH523,Sunflower,55,2025-08-15
SH524,Daisy,115,2025-08-15
SH525,Sunflower,86,2025-08-15
SH526,Sunflower,169,2025-08-15
SH527,Rose,155,2025-08-15
SH528,Rose,81,2025-08-15
SH529,Tulip,189,2025-08-15
SH530,Sunflower,55,2025-08-15
SH531,Orchid,133,2025-08-15
SH532,Tulip,89,2025-08-15
SH533,Sunflower,156,2025-08-15
SH534,Tulip,101,2025-08-15
SH535,Orchid,176,2025-08-15
SH536,Sunflower,95,2025-08-15
SH537,Rose,147,2025-08-15
SH538,Daisy,197,2025-08-15
SH539,Tulip,99,2025-08-15
SH540,Orchid,136,2025-08-15
SH541,Orchid,82,2025-08-15
SH542,Orchid,158,2025-08-15
SH543,Sunflower,124,2025-08-15
SH544,Daisy,69,2025-08-15
SH545,Daisy,152,2025-08-15
SH546,Tulip,98,2025-08-15
SH547,Tulip,122,2025-08-15
SH548,Daisy,74,2025-08-15
SH549,Sunflower,125,2025-08-15
SH550,Sunflower,189,2025-08-15
SH551,Orchid,143,2025-08-15
SH552,Tulip,125,2025-08-15
SH553,Rose,176,2025-08-15
SH554,Orchid,85,2025-08-15
SH555,Rose,157,2025-08-15
SH556,Sunflower,192,2025-08-15
SH557,Sunflower,155,2025-08-15
SH558,Orchid,137,2025-08-15
SH559,Rose,98,2025-08-15
SH560,Rose,191,2025-08-15
SH561,Daisy,187,2025-08-15
SH562,Daisy,115,2025-08-15
SH563,Orchid,75,2025-08-15
SH564,Orchid,69,2025-08-15
SH565,Sunflower,183,2025-08-15
SH566,Rose,118,2025-08-15
SH567,Sunflower,82,2025-08-15
SH568,Daisy,76,2025-08-15
SH569,Rose,83,2025-08-15
SH570,Tulip,75,2025-08-15
SH571,Rose,107,2025-08-15
SH572,Rose,110,2025-08-15
SH573,Tulip,129,2025-08-15
SH574,Rose,108,2025-08-15
SH575,Rose,77,2025-08-15
SH576,Tulip,197,2025-08-15
SH577,Orchid,102,2025-08-15
SH578,Sunflower,182,2025-08-15
SH579,Tulip,145,2025-08-15
SH580,Daisy,125,2025-08-15
SH581,Tulip,157,2025-08-15
SH582,Tulip,89,2025-08-15
SH583,Tulip,183,2025-08-15
SH584,Rose,104,2025-08-15
SH585,Rose,189,2025-08-15
SH586,Tulip,67,2025-08-15
SH587,Rose,113,2025-08-15
SH588,Daisy,199,2025-08-15
SH589,Tulip,99,2025-08-15
SH590,Orchid,98,2025-08-15
SH591,Daisy,55,2025-08-15
SH592,Tulip,75,2025-08-15
SH593,Tulip,91,2025-08-15
SH594,Orchid,198,2025-08-15
SH595,Tulip,54,2025-08-15
SH596,Sunflower,111,2025-08-15
SH597,Tulip,63,2025-08-15
SH598,Daisy,120,2025-08-15
SH599,Daisy,84,2025-08-15
SH600,Rose,128,2025-08-15
SH601,Tulip,111,2025-08-15
SH602,Sunflower,191,2025-08-15
SH603,Sunflower,81,2025-08-15
SH604,Daisy,146,2025-08-15
SH605,Sunflower,101,2025-08-15
SH606,Tulip,173,2025-08-15
SH607,Daisy,180,2025-08-15
SH608,Orchid,80,2025-08-15
SH609,Sunflower,111,2025-08-15
SH610,Orchid,70,2025-08-15
SH611,Sunflower,120,2025-08-15
SH612,Rose,139,2025-08-15
SH613,Orchid,141,2025-08-15
SH614,Tulip,52,2025-08-15
SH615,Daisy,72,2025-08-15
SH616,Tulip,85,2025-08-15
SH617,Rose,62,2025-08-15
SH618,Rose,197,2025-08-15
SH619,Daisy,81,2025-08-15
SH620,Rose,179,2025-08-15
SH621,Rose,76,2025-08-15
SH622,Rose,127,2025-08-15
